{
  "project_info": {
    "project_number": "653935972471",
    "project_id": "walletapp-c553e",
    "storage_bucket": "walletapp-c553e.appspot.com"
  },
  "client": [
    {
      "client_info": {
        "mobilesdk_app_id": "1:653935972471:android:7ef8e8eebd16212e6bb672",
        "android_client_info": {
          "package_name": "com.example.wallet"
        }
      },
      "oauth_client": [
        {
          "client_id": "653935972471-7opa3k5h6ud1hdnes9nj7jk2h8micmg4.apps.googleusercontent.com",
          "client_type": 3
        }
      ],
      "api_key": [
        {
          "current_key": "AIzaSyAduQwJv8fv_pyk_AWii-fSIvxUFTmhCrY"
        }
      ],
      "services": {
        "appinvite_service": {
          "other_platform_oauth_client": [
            {
              "client_id": "653935972471-7opa3k5h6ud1hdnes9nj7jk2h8micmg4.apps.googleusercontent.com",
              "client_type": 3
            }
          ]
        }
      }
    }
  ],
  "configuration_version": "1"
}